categoria,n_total,n_meses_cobertos,prevalencia_primeiro_mes,prevalencia_ultimo_mes,mk_tau,mk_p,mk_efeito,zp_estatistica,zp_p,zp_efeito,qui_estatistica,qui_p,qui_efeito
poder,22022,33,0.10787950734530345,0.14249492900608518,0.10984848484848485,0.3800429221042466,"{""n"": 33, ""primeiro"": 0.10787950734530345, ""ultimo"": 0.14249492900608518, ""delta"": 0.03461542166078173}",-2.4023428637291233,0.016290431744243605,"{""p1"": 0.11940770478730717, ""p2"": 0.12454651843183148, ""diferenca"": -0.005138813644524315, ""risco_relativo"": 0.958739804940136, ""n1"": 72734, ""n2"": 34180, ""ano_1"": 2015, ""ano_2"": 2017}",306.68507966819016,2.5361860476091887e-67,"{""graus_liberdade"": 2, ""prevalencias_observadas"": [0.11940770478730717, 0.1509835547647949, 0.12454651843183148], ""k"": 3, ""n_total"": 167053, ""anos"": [2015, 2016, 2017]}"
colunas,21622,33,0.09734381955779789,0.1612576064908722,0.8106060606060606,4.583736330202288e-15,"{""n"": 33, ""primeiro"": 0.09734381955779789, ""ultimo"": 0.1612576064908722, ""delta"": 0.06391378693307431}",-30.110579152218683,0.0,"{""p1"": 0.10497154013253775, ""p2"": 0.17047981275599766, ""diferenca"": -0.06550827262345991, ""risco_relativo"": 0.6157417610657525, ""n1"": 72734, ""n2"": 34180, ""ano_1"": 2015, ""ano_2"": 2017}",918.1840812907403,4.157766177299726e-200,"{""graus_liberdade"": 2, ""prevalencias_observadas"": [0.10497154013253775, 0.13568566155074077, 0.17047981275599766], ""k"": 3, ""n_total"": 167053, ""anos"": [2015, 2016, 2017]}"
mercado,20970,33,0.1063956076569224,0.1308316430020284,0.49621212121212116,2.4817472094643102e-05,"{""n"": 33, ""primeiro"": 0.1063956076569224, ""ultimo"": 0.1308316430020284, ""delta"": 0.024436035345106008}",-8.426547692404343,0.0,"{""p1"": 0.11606676382434625, ""p2"": 0.13414277355178467, ""diferenca"": -0.01807600972743842, ""risco_relativo"": 0.8652479798290414, ""n1"": 72734, ""n2"": 34180, ""ano_1"": 2015, ""ano_2"": 2017}",105.92033996819809,9.992874087778057e-24,"{""graus_liberdade"": 2, ""prevalencias_observadas"": [0.11606676382434625, 0.13207735412959976, 0.13414277355178467], ""k"": 3, ""n_total"": 167053, ""anos"": [2015, 2016, 2017]}"
esporte,19730,33,0.13948657070782014,0.06516227180527383,-0.6287878787878788,2.799284308580628e-08,"{""n"": 33, ""primeiro"": 0.13948657070782014, ""ultimo"": 0.06516227180527383, ""delta"": -0.07432429890254631}",32.272705040182075,0.0,"{""p1"": 0.13498501388621553, ""p2"": 0.06784669397308367, ""diferenca"": 0.06713831991313186, ""risco_relativo"": 1.9895591956148544, ""n1"": 72734, ""n2"": 34180, ""ano_1"": 2015, ""ano_2"": 2017}",1066.2413676637711,2.941906212164168e-232,"{""graus_liberdade"": 2, ""prevalencias_observadas"": [0.13498501388621553, 0.12625750345034004, 0.06784669397308367], ""k"": 3, ""n_total"": 167053, ""anos"": [2015, 2016, 2017]}"
mundo,17130,33,0.10773111737646535,0.10699797160243407,0.4810606060606061,4.634084748465078e-05,"{""n"": 33, ""primeiro"": 0.10773111737646535, ""ultimo"": 0.10699797160243407, ""delta"": -0.0007331457740312741}",-10.663732456633955,0.0,"{""p1"": 0.09754722688151346, ""p2"": 0.11892919836161497, ""diferenca"": -0.021381971480101514, ""risco_relativo"": 0.8202125989692818, ""n1"": 72734, ""n2"": 34180, ""ano_1"": 2015, ""ano_2"": 2017}",126.45251832748875,3.4768386259636295e-28,"{""graus_liberdade"": 2, ""prevalencias_observadas"": [0.09754722688151346, 0.09927002444337285, 0.11892919836161497], ""k"": 3, ""n_total"": 167053, ""anos"": [2015, 2016, 2017]}"
cotidiano,16967,33,0.15714497699955482,0.09203853955375253,-0.22727272727272727,0.06488652605740822,"{""n"": 33, ""primeiro"": 0.15714497699955482, ""ultimo"": 0.09203853955375253, ""delta"": -0.06510643744580229}",4.388564435575521,1.141013298089355e-05,"{""p1"": 0.11489812192372205, ""p2"": 0.10582211819777648, ""diferenca"": 0.009076003725945567, ""risco_relativo"": 1.0857666041893335, ""n1"": 72734, ""n2"": 34180, ""ano_1"": 2015, ""ano_2"": 2017}",375.0399963013847,3.639984687173795e-82,"{""graus_liberdade"": 2, ""prevalencias_observadas"": [0.11489812192372205, 0.08302432697583931, 0.10582211819777648], ""k"": 3, ""n_total"": 167053, ""anos"": [2015, 2016, 2017]}"
ilustrada,16345,33,0.08725330167680664,0.1191683569979716,0.4507575757575758,0.00014961531126754838,"{""n"": 33, ""primeiro"": 0.08725330167680664, ""ultimo"": 0.1191683569979716, ""delta"": 0.031915055321164953}",-9.096589488423914,0.0,"{""p1"": 0.09265267962713448, ""p2"": 0.11041544763019309, ""diferenca"": -0.017762768003058607, ""risco_relativo"": 0.8391278721927549, ""n1"": 72734, ""n2"": 34180, ""ano_1"": 2015, ""ano_2"": 2017}",83.91758739250552,5.991387795196498e-19,"{""graus_liberdade"": 2, ""prevalencias_observadas"": [0.09265267962713448, 0.09697534046126474, 0.11041544763019309], ""k"": 3, ""n_total"": 167053, ""anos"": [2015, 2016, 2017]}"
opiniao,4525,33,0.02329722510758273,0.030425963488843813,0.5303030303030303,5.502774338605856e-06,"{""n"": 33, ""primeiro"": 0.02329722510758273, ""ultimo"": 0.030425963488843813, ""delta"": 0.007128738381261084}",-4.812866615061639,1.4878059566569846e-06,"{""p1"": 0.025476393433607393, ""p2"": 0.030602691632533645, ""diferenca"": -0.005126298198926252, ""risco_relativo"": 0.8324886496756221, ""n1"": 72734, ""n2"": 34180, ""ano_1"": 2015, ""ano_2"": 2017}",23.19585508920683,9.185103742348153e-06,"{""graus_liberdade"": 2, ""prevalencias_observadas"": [0.025476393433607393, 0.02703736344136085, 0.030602691632533645], ""k"": 3, ""n_total"": 167053, ""anos"": [2015, 2016, 2017]}"
paineldoleitor,4011,33,0.03472325270811693,0.00988843813387424,-0.7689393939393939,4.489439232057854e-13,"{""n"": 33, ""primeiro"": 0.03472325270811693, ""ultimo"": 0.00988843813387424, ""delta"": -0.024834814574242692}",25.78541585855733,0.0,"{""p1"": 0.0380014848626502, ""p2"": 0.00965476887068461, ""diferenca"": 0.028346715991965594, ""risco_relativo"": 3.9360325836526786, ""n1"": 72734, ""n2"": 34180, ""ano_1"": 2015, ""ano_2"": 2017}",1105.2010205304239,1.020111620691128e-240,"{""graus_liberdade"": 2, ""prevalencias_observadas"": [0.0380014848626502, 0.015248008779660453, 0.00965476887068461], ""k"": 3, ""n_total"": 167053, ""anos"": [2015, 2016, 2017]}"
saopaulo,3955,33,0.02225849532571598,0.016227180527383367,-0.14393939393939395,0.24734155116995965,"{""n"": 33, ""primeiro"": 0.02225849532571598, ""ultimo"": 0.016227180527383367, ""delta"": -0.006031314798332615}",6.479052013107294,9.230061159826164e-11,"{""p1"": 0.0249676904886298, ""p2"": 0.018607372732592158, ""diferenca"": 0.006360317756037643, ""risco_relativo"": 1.3418170768889413, ""n1"": 72734, ""n2"": 34180, ""ano_1"": 2015, ""ano_2"": 2017}",47.746421914390076,4.285447864564042e-11,"{""graus_liberdade"": 2, ""prevalencias_observadas"": [0.0249676904886298, 0.024992101631221005, 0.018607372732592158], ""k"": 3, ""n_total"": 167053, ""anos"": [2015, 2016, 2017]}"
tec,2260,33,0.021664935450363555,0.005324543610547667,-0.7575757575757577,1.3728269320483262e-12,"{""n"": 33, ""primeiro"": 0.021664935450363555, ""ultimo"": 0.005324543610547667, ""delta"": -0.016340391839815886}",18.633645196382183,0.0,"{""p1"": 0.020884318200566448, ""p2"": 0.005558806319485079, ""diferenca"": 0.015325511881081368, ""risco_relativo"": 3.7569789268176903, ""n1"": 72734, ""n2"": 34180, ""ano_1"": 2015, ""ano_2"": 2017}",543.4777897484304,9.667127301634076e-119,"{""graus_liberdade"": 2, ""prevalencias_observadas"": [0.020884318200566448, 0.00916210778363458, 0.005558806319485079], ""k"": 3, ""n_total"": 167053, ""anos"": [2015, 2016, 2017]}"
tv,2142,33,0.0031161893456002373,0.006592292089249493,-0.041666666666666664,0.7468360016830153,"{""n"": 33, ""primeiro"": 0.0031161893456002373, ""ultimo"": 0.006592292089249493, ""delta"": 0.0034761027436492555}",6.633934110121774,3.2685631978779384e-11,"{""p1"": 0.010421536007919268, ""p2"": 0.0062902282036278526, ""diferenca"": 0.0041313078042914154, ""risco_relativo"": 1.6567818639566538, ""n1"": 72734, ""n2"": 34180, ""ano_1"": 2015, ""ano_2"": 2017}",356.29842679464065,4.2734602249739814e-78,"{""graus_liberdade"": 2, ""prevalencias_observadas"": [0.010421536007919268, 0.019438301268727448, 0.0062902282036278526], ""k"": 3, ""n_total"": 167053, ""anos"": [2015, 2016, 2017]}"
educacao,2118,33,0.012316367413562844,0.007099391480730223,-0.34090909090909094,0.004925304940506378,"{""n"": 33, ""primeiro"": 0.012316367413562844, ""ultimo"": 0.007099391480730223, ""delta"": -0.005216975932832621}",8.535080569734623,0.0,"{""p1"": 0.014614898121923722, ""p2"": 0.00836746635459333, ""diferenca"": 0.006247431767330393, ""risco_relativo"": 1.7466336286970379, ""n1"": 72734, ""n2"": 34180, ""ano_1"": 2015, ""ano_2"": 2017}",72.58989041624719,1.7270526408271238e-16,"{""graus_liberdade"": 2, ""prevalencias_observadas"": [0.014614898121923722, 0.012787043349573488, 0.00836746635459333], ""k"": 3, ""n_total"": 167053, ""anos"": [2015, 2016, 2017]}"
turismo,1903,33,0.011871197507048523,0.014198782961460446,-0.13636363636363638,0.2736433388865907,"{""n"": 33, ""primeiro"": 0.011871197507048523, ""ultimo"": 0.014198782961460446, ""delta"": 0.002327585454411923}",2.447310570169274,0.014392675996356408,"{""p1"": 0.011975142299337311, ""p2"": 0.01026916325336454, ""diferenca"": 0.0017059790459727706, ""risco_relativo"": 1.1661263925679468, ""n1"": 72734, ""n2"": 34180, ""ano_1"": 2015, ""ano_2"": 2017}",6.047543425168493,0.048617500875163144,"{""graus_liberdade"": 2, ""prevalencias_observadas"": [0.011975142299337311, 0.011323766607359616, 0.01026916325336454], ""k"": 3, ""n_total"": 167053, ""anos"": [2015, 2016, 2017]}"
ilustrissima,1411,33,0.009645347974476925,0.012170385395537525,0.2537878787878788,0.03862054169150255,"{""n"": 33, ""primeiro"": 0.009645347974476925, ""ultimo"": 0.012170385395537525, ""delta"": 0.0025250374210606004}",-3.7391835619822564,0.0001846188838880991,"{""p1"": 0.008221739489097258, ""p2"": 0.010532475131655939, ""diferenca"": -0.002310735642558681, ""risco_relativo"": 0.7806084881592896, ""n1"": 72734, ""n2"": 34180, ""ano_1"": 2015, ""ano_2"": 2017}",24.195105100916134,5.573136534146976e-06,"{""graus_liberdade"": 2, ""prevalencias_observadas"": [0.008221739489097258, 0.007532549593441859, 0.010532475131655939], ""k"": 3, ""n_total"": 167053, ""anos"": [2015, 2016, 2017]}"
ciencia,1335,33,0.007716278379581541,0.008113590263691683,0.2840909090909091,0.02011051554673871,"{""n"": 33, ""primeiro"": 0.007716278379581541, ""ultimo"": 0.008113590263691683, ""delta"": 0.00039731188411014275}",-3.8293403105278694,0.00012848722629765774,"{""p1"": 0.007273077240355267, ""p2"": 0.009508484493856056, ""diferenca"": -0.002235407253500789, ""risco_relativo"": 0.7649039386933632, ""n1"": 72734, ""n2"": 34180, ""ano_1"": 2015, ""ano_2"": 2017}",14.657552567589596,0.0006563763142028581,"{""graus_liberdade"": 2, ""prevalencias_observadas"": [0.007273077240355267, 0.007998137647782637, 0.009508484493856056], ""k"": 3, ""n_total"": 167053, ""anos"": [2015, 2016, 2017]}"
equilibrioesaude,1312,33,0.0038581391897907704,0.008874239350912779,0.5984848484848485,1.6778137074886257e-07,"{""n"": 33, ""primeiro"": 0.0038581391897907704, ""ultimo"": 0.008874239350912779, ""delta"": 0.005016100161122009}",-10.858651327421303,0.0,"{""p1"": 0.005293260373415459, ""p2"": 0.011322410766530134, ""diferenca"": -0.006029150393114675, ""risco_relativo"": 0.46750294460811476, ""n1"": 72734, ""n2"": 34180, ""ano_1"": 2015, ""ano_2"": 2017}",123.74901953151944,1.3435128922960619e-27,"{""graus_liberdade"": 2, ""prevalencias_observadas"": [0.005293260373415459, 0.008979198190857846, 0.011322410766530134], ""k"": 3, ""n_total"": 167053, ""anos"": [2015, 2016, 2017]}"
sobretudo,1057,21,0.0,0.021551724137931036,0.7693884236872824,1.5015737829046932e-09,"{""n"": 33, ""primeiro"": 0.0, ""ultimo"": 0.021551724137931036, ""delta"": 0.021551724137931036}",-34.20504798021855,0.0,"{""p1"": 0.0, ""p2"": 0.016003510825043886, ""diferenca"": -0.016003510825043886, ""risco_relativo"": 0.0, ""n1"": 72734, ""n2"": 34180, ""ano_1"": 2015, ""ano_2"": 2017}",1016.4795035550628,1.8805302297024945e-221,"{""graus_liberdade"": 2, ""prevalencias_observadas"": [0.0, 0.008480353846921298, 0.016003510825043886], ""k"": 3, ""n_total"": 167053, ""anos"": [2015, 2016, 2017]}"
bbc,980,23,0.012613147351239057,0.0,-0.6158427915761108,9.944371550877428e-07,"{""n"": 33, ""primeiro"": 0.012613147351239057, ""ultimo"": 0.0, ""delta"": -0.012613147351239057}",20.931295276197297,0.0,"{""p1"": 0.013061291830505679, ""p2"": 0.0001462843768285547, ""diferenca"": 0.012915007453677125, ""risco_relativo"": 89.28699095333683, ""n1"": 72734, ""n2"": 34180, ""ano_1"": 2015, ""ano_2"": 2017}",1143.7401335254833,4.365013983230602e-249,"{""graus_liberdade"": 2, ""prevalencias_observadas"": [0.013061291830505679, 0.0004157036199471225, 0.0001462843768285547], ""k"": 3, ""n_total"": 167053, ""anos"": [2015, 2016, 2017]}"
folhinha,876,25,0.010387297818667459,0.0,-0.8407788596944448,1.5123875307296305e-11,"{""n"": 33, ""primeiro"": 0.010387297818667459, ""ultimo"": 0.0, ""delta"": -0.010387297818667459}",18.233286523224535,0.0,"{""p1"": 0.00973409959578739, ""p2"": 2.9256875365710943e-05, ""diferenca"": 0.009704842720421679, ""risco_relativo"": 332.71152418401294, ""n1"": 72734, ""n2"": 34180, ""ano_1"": 2015, ""ano_2"": 2017}",529.4713251502575,1.0635614332867165e-115,"{""graus_liberdade"": 2, ""prevalencias_observadas"": [0.00973409959578739, 0.002776900181246778, 2.9256875365710943e-05], ""k"": 3, ""n_total"": 167053, ""anos"": [2015, 2016, 2017]}"
empreendedorsocial,841,33,0.0005935598753524262,0.008620689655172414,0.5681818181818182,8.619142358466343e-07,"{""n"": 33, ""primeiro"": 0.0005935598753524262, ""ultimo"": 0.008620689655172414, ""delta"": 0.008027129779819987}",-8.674249973169513,0.0,"{""p1"": 0.003533423158357852, ""p2"": 0.00746050321825629, ""diferenca"": -0.003927080059898438, ""risco_relativo"": 0.4736172688340054, ""n1"": 72734, ""n2"": 34180, ""ano_1"": 2015, ""ano_2"": 2017}",75.16355865523583,4.7691460002328274e-17,"{""graus_liberdade"": 2, ""prevalencias_observadas"": [0.003533423158357852, 0.0054706596385041325, 0.00746050321825629], ""k"": 3, ""n_total"": 167053, ""anos"": [2015, 2016, 2017]}"
comida,828,28,0.012316367413562844,0.0,-0.8260415742229216,1.9864168519357295e-11,"{""n"": 33, ""primeiro"": 0.012316367413562844, ""ultimo"": 0.0, ""delta"": -0.012316367413562844}",17.60321123187642,0.0,"{""p1"": 0.009294140292022988, ""p2"": 0.00011702750146284377, ""diferenca"": 0.009177112790560145, ""risco_relativo"": 79.41842879533644, ""n1"": 72734, ""n2"": 34180, ""ano_1"": 2015, ""ano_2"": 2017}",515.7274658467243,1.0261331272343076e-112,"{""graus_liberdade"": 2, ""prevalencias_observadas"": [0.009294140292022988, 0.002460965430086965, 0.00011702750146284377], ""k"": 3, ""n_total"": 167053, ""anos"": [2015, 2016, 2017]}"
asmais,548,30,0.0038581391897907704,0.0005070993914807302,-0.7350457181646648,1.98562414037021e-09,"{""n"": 33, ""primeiro"": 0.0038581391897907704, ""ultimo"": 0.0005070993914807302, ""delta"": -0.00335103979831004}",13.584148025719157,0.0,"{""p1"": 0.0062006764374295375, ""p2"": 0.0003510825043885313, ""diferenca"": 0.005849593933041007, ""risco_relativo"": 17.661593385945135, ""n1"": 72734, ""n2"": 34180, ""ano_1"": 2015, ""ano_2"": 2017}",343.5243883355815,2.5387905513974138e-75,"{""graus_liberdade"": 2, ""prevalencias_observadas"": [0.0062006764374295375, 0.0014133923078202164, 0.0003510825043885313], ""k"": 3, ""n_total"": 167053, ""anos"": [2015, 2016, 2017]}"
ambiente,491,33,0.001335509719542959,0.005324543610547667,0.5984848484848485,1.6778137074886257e-07,"{""n"": 33, ""primeiro"": 0.001335509719542959, ""ultimo"": 0.005324543610547667, ""delta"": 0.003989033891004709}",-12.858316919761897,0.0,"{""p1"": 0.0014711139219622184, ""p2"": 0.006026916325336454, ""diferenca"": -0.004555802403374236, ""risco_relativo"": 0.24409064977023603, ""n1"": 72734, ""n2"": 34180, ""ano_1"": 2015, ""ano_2"": 2017}",164.69932210731974,1.721855165434286e-36,"{""graus_liberdade"": 2, ""prevalencias_observadas"": [0.0014711139219622184, 0.0029598097740235123, 0.006026916325336454], ""k"": 3, ""n_total"": 167053, ""anos"": [2015, 2016, 2017]}"
seminariosfolha,379,26,0.0,0.014452332657200811,0.3730236506635153,0.0026430538477218123,"{""n"": 33, ""primeiro"": 0.0, ""ultimo"": 0.014452332657200811, ""delta"": 0.014452332657200811}",-13.737980327011392,0.0,"{""p1"": 0.0010998982594110044, ""p2"": 0.005646576945582212, ""diferenca"": -0.004546678686171208, ""risco_relativo"": 0.19479027205527527, ""n1"": 72734, ""n2"": 34180, ""ano_1"": 2015, ""ano_2"": 2017}",222.99149654095845,3.7845284158808336e-49,"{""graus_liberdade"": 2, ""prevalencias_observadas"": [0.0010998982594110044, 0.0017625833485757994, 0.005646576945582212], ""k"": 3, ""n_total"": 167053, ""anos"": [2015, 2016, 2017]}"
serafina,334,32,0.001335509719542959,0.004056795131845842,0.2840909090909091,0.02011051554673871,"{""n"": 33, ""primeiro"": 0.001335509719542959, ""ultimo"": 0.004056795131845842, ""delta"": 0.0027212854123028827}",-4.097384209778237,4.178450592151606e-05,"{""p1"": 0.001457365193719581, ""p2"": 0.002603861907548274, ""diferenca"": -0.0011464967138286929, ""risco_relativo"": 0.5596937339475874, ""n1"": 72734, ""n2"": 34180, ""ano_1"": 2015, ""ano_2"": 2017}",19.90045872025314,4.7716688375926846e-05,"{""graus_liberdade"": 2, ""prevalencias_observadas"": [0.001457365193719581, 0.002311312126906001, 0.002603861907548274], ""k"": 3, ""n_total"": 167053, ""anos"": [2015, 2016, 2017]}"
o-melhor-de-sao-paulo,189,4,0.0,0.0,0.3861261360564083,0.007060823495610384,"{""n"": 33, ""primeiro"": 0.0, ""ultimo"": 0.0, ""delta"": 0.0}",-20.072331292749517,0.0,"{""p1"": 0.0, ""p2"": 0.005529549444119368, ""diferenca"": -0.005529549444119368, ""risco_relativo"": 0.0, ""n1"": 72734, ""n2"": 34180, ""ano_1"": 2015, ""ano_2"": 2017}",735.5600193199806,1.884391993603253e-160,"{""graus_liberdade"": 2, ""prevalencias_observadas"": [0.0, 0.0, 0.005529549444119368], ""k"": 3, ""n_total"": 167053, ""anos"": [2015, 2016, 2017]}"
vice,146,11,0.00044516990651431964,0.0,-0.5681818181818181,3.010994657411327e-05,"{""n"": 33, ""primeiro"": 0.00044516990651431964, ""ultimo"": 0.0, ""delta"": -0.00044516990651431964}",8.288777013968357,2.220446049250313e-16,"{""p1"": 0.002007314323425083, ""p2"": 0.0, ""diferenca"": 0.002007314323425083, ""risco_relativo"": NaN, ""n1"": 72734, ""n2"": 34180, ""ano_1"": 2015, ""ano_2"": 2017}",189.4934920806278,7.112315546700043e-42,"{""graus_liberdade"": 2, ""prevalencias_observadas"": [0.002007314323425083, 0.0, 0.0], ""k"": 3, ""n_total"": 167053, ""anos"": [2015, 2016, 2017]}"
guia-de-livros-discos-filmes,143,7,0.0,0.0,-0.15577766718714145,0.266542088124994,"{""n"": 33, ""primeiro"": 0.0, ""ultimo"": 0.0, ""delta"": 0.0}",6.095247579279801,1.092681944925289e-09,"{""p1"": 0.001086149531168367, ""p2"": 0.0, ""diferenca"": 0.001086149531168367, ""risco_relativo"": NaN, ""n1"": 72734, ""n2"": 34180, ""ano_1"": 2015, ""ano_2"": 2017}",36.8351075574306,1.0031318592927145e-08,"{""graus_liberdade"": 2, ""prevalencias_observadas"": [0.001086149531168367, 0.0010642012670646335, 0.0], ""k"": 3, ""n_total"": 167053, ""anos"": [2015, 2016, 2017]}"
topofmind,86,6,0.0,0.0,0.08177798666446455,0.5625894766549737,"{""n"": 33, ""primeiro"": 0.0, ""ultimo"": 0.0, ""delta"": 0.0}",4.226552664807781,2.3729875243683196e-05,"{""p1"": 0.0005224516732202271, ""p2"": 0.0, ""diferenca"": 0.0005224516732202271, ""risco_relativo"": NaN, ""n1"": 72734, ""n2"": 34180, ""ano_1"": 2015, ""ano_2"": 2017}",26.996910393661164,1.3730785850084684e-06,"{""graus_liberdade"": 2, ""prevalencias_observadas"": [0.0005224516732202271, 0.0007981509502984752, 0.0], ""k"": 3, ""n_total"": 167053, ""anos"": [2015, 2016, 2017]}"
banco-de-dados,64,10,0.0,0.008620689655172414,0.6219636990815514,5.7725571426485225e-06,"{""n"": 33, ""primeiro"": 0.0, ""ultimo"": 0.008620689655172414, ""delta"": 0.008620689655172414}",-11.396501541391967,0.0,"{""p1"": 0.0, ""p2"": 0.0017846693973083674, ""diferenca"": -0.0017846693973083674, ""risco_relativo"": 0.0, ""n1"": 72734, ""n2"": 34180, ""ano_1"": 2015, ""ano_2"": 2017}",220.634481139882,1.2297905788284625e-48,"{""graus_liberdade"": 2, ""prevalencias_observadas"": [0.0, 4.98844343936547e-05, 0.0017846693973083674], ""k"": 3, ""n_total"": 167053, ""anos"": [2015, 2016, 2017]}"
dw,48,13,0.0011871197507048524,0.0,-0.610723166782074,5.365844967016329e-06,"{""n"": 33, ""primeiro"": 0.0011871197507048524, ""ultimo"": 0.0, ""delta"": -0.0011871197507048524}",4.650393009785084,3.3130308221274163e-06,"{""p1"": 0.0006324414991613276, ""p2"": 0.0, ""diferenca"": 0.0006324414991613276, ""risco_relativo"": NaN, ""n1"": 72734, ""n2"": 34180, ""ano_1"": 2015, ""ano_2"": 2017}",53.49596735030222,2.418233804301057e-12,"{""graus_liberdade"": 2, ""prevalencias_observadas"": [0.0006324414991613276, 3.32562895957698e-05, 0.0], ""k"": 3, ""n_total"": 167053, ""anos"": [2015, 2016, 2017]}"
cenarios-2017,43,1,0.0,0.0,0.10770505460691612,0.4622499461255427,"{""n"": 33, ""primeiro"": 0.0, ""ultimo"": 0.0, ""delta"": 0.0}",0.0,1.0,"{""p1"": 0.0, ""p2"": 0.0, ""diferenca"": 0.0, ""risco_relativo"": NaN, ""n1"": 72734, ""n2"": 34180, ""ano_1"": 2015, ""ano_2"": 2017}",76.46428549801188,2.4888078777900648e-17,"{""graus_liberdade"": 2, ""prevalencias_observadas"": [0.0, 0.0007150102263090507, 0.0], ""k"": 3, ""n_total"": 167053, ""anos"": [2015, 2016, 2017]}"
especial,43,2,0.0,0.0,0.32349291668855307,0.026136821374871708,"{""n"": 33, ""primeiro"": 0.0, ""ultimo"": 0.0, ""delta"": 0.0}",-9.567628134940128,0.0,"{""p1"": 0.0, ""p2"": 0.0012580456407255704, ""diferenca"": -0.0012580456407255704, ""risco_relativo"": 0.0, ""n1"": 72734, ""n2"": 34180, ""ano_1"": 2015, ""ano_2"": 2017}",167.20333711740474,4.923304158741612e-37,"{""graus_liberdade"": 2, ""prevalencias_observadas"": [0.0, 0.0, 0.0012580456407255704], ""k"": 3, ""n_total"": 167053, ""anos"": [2015, 2016, 2017]}"
infograficos,43,11,0.0007419498441905327,0.0,-0.6590909090909092,1.2967294954825675e-06,"{""n"": 33, ""primeiro"": 0.0007419498441905327, ""ultimo"": 0.0, ""delta"": -0.0007419498441905327}",4.496130140680474,6.920139038246731e-06,"{""p1"": 0.0005911953144334149, ""p2"": 0.0, ""diferenca"": 0.0005911953144334149, ""risco_relativo"": NaN, ""n1"": 72734, ""n2"": 34180, ""ano_1"": 2015, ""ano_2"": 2017}",55.775307612461816,7.736523315866321e-13,"{""graus_liberdade"": 2, ""prevalencias_observadas"": [0.0005911953144334149, 0.0, 0.0], ""k"": 3, ""n_total"": 167053, ""anos"": [2015, 2016, 2017]}"
rfi,29,11,0.0008903398130286393,0.0,-0.553030303030303,4.878704867804007e-05,"{""n"": 33, ""primeiro"": 0.0008903398130286393, ""ultimo"": 0.0, ""delta"": -0.0008903398130286393}",3.562493005444599,0.00036734969890406255,"{""p1"": 0.000371215662551214, ""p2"": 0.0, ""diferenca"": 0.000371215662551214, ""risco_relativo"": NaN, ""n1"": 72734, ""n2"": 34180, ""ano_1"": 2015, ""ano_2"": 2017}",29.12415098439783,4.7399195299515414e-07,"{""graus_liberdade"": 2, ""prevalencias_observadas"": [0.000371215662551214, 3.32562895957698e-05, 0.0], ""k"": 3, ""n_total"": 167053, ""anos"": [2015, 2016, 2017]}"
guia-de-livros-filmes-discos,28,2,0.0,0.0,-0.18093671611393647,0.21348894671773277,"{""n"": 33, ""primeiro"": 0.0, ""ultimo"": 0.0, ""delta"": 0.0}",3.6278822729496634,0.0002857554978594745,"{""p1"": 0.00038496439079385155, ""p2"": 0.0, ""diferenca"": 0.00038496439079385155, ""risco_relativo"": NaN, ""n1"": 72734, ""n2"": 34180, ""ano_1"": 2015, ""ano_2"": 2017}",36.3155432771174,1.3007084861926391e-08,"{""graus_liberdade"": 2, ""prevalencias_observadas"": [0.00038496439079385155, 0.0, 0.0], ""k"": 3, ""n_total"": 167053, ""anos"": [2015, 2016, 2017]}"
multimidia,27,13,0.00014838996883810655,0.0,-0.24144869384407575,0.07204751068888125,"{""n"": 33, ""primeiro"": 0.00014838996883810655, ""ultimo"": 0.0, ""delta"": -0.00014838996883810655}",1.7378421160740705,0.08223863735825732,"{""p1"": 0.00024747710836747603, ""p2"": 8.777062609713282e-05, ""diferenca"": 0.0001597064822703432, ""risco_relativo"": 2.8195891880001103, ""n1"": 72734, ""n2"": 34180, ""ano_1"": 2015, ""ano_2"": 2017}",5.8950066026451875,0.052470545688787194,"{""graus_liberdade"": 2, ""prevalencias_observadas"": [0.00024747710836747603, 9.97688687873094e-05, 8.777062609713282e-05], ""k"": 3, ""n_total"": 167053, ""anos"": [2015, 2016, 2017]}"
treinamento,21,9,0.0,0.0,-0.10417568503529676,0.45085402511074724,"{""n"": 33, ""primeiro"": 0.0, ""ultimo"": 0.0, ""delta"": 0.0}",2.4031886695626037,0.01625279966165305,"{""p1"": 0.00023372838012483845, ""p2"": 2.9256875365710943e-05, ""diferenca"": 0.0002044715047591275, ""risco_relativo"": 7.988836032666978, ""n1"": 72734, ""n2"": 34180, ""ano_1"": 2015, ""ano_2"": 2017}",12.032605102110717,0.0024386698029556244,"{""graus_liberdade"": 2, ""prevalencias_observadas"": [0.00023372838012483845, 4.98844343936547e-05, 2.9256875365710943e-05], ""k"": 3, ""n_total"": 167053, ""anos"": [2015, 2016, 2017]}"
treinamentocienciaesaude,18,5,0.0,0.0,-0.3411211461689767,0.016507205270522112,"{""n"": 33, ""primeiro"": 0.0, ""ultimo"": 0.0, ""delta"": 0.0}",2.8266776452175715,0.004703364810982658,"{""p1"": 0.00023372838012483845, ""p2"": 0.0, ""diferenca"": 0.00023372838012483845, ""risco_relativo"": NaN, ""n1"": 72734, ""n2"": 34180, ""ano_1"": 2015, ""ano_2"": 2017}",19.032230833890182,7.36552291964709e-05,"{""graus_liberdade"": 2, ""prevalencias_observadas"": [0.00023372838012483845, 1.66281447978849e-05, 0.0], ""k"": 3, ""n_total"": 167053, ""anos"": [2015, 2016, 2017]}"
mulher,16,9,0.0,0.0,-0.03838051553931986,0.7811762345487595,"{""n"": 33, ""primeiro"": 0.0, ""ultimo"": 0.0, ""delta"": 0.0}",1.1873643728258885,0.23508392658934385,"{""p1"": 4.1246184727912665e-05, ""p2"": 0.0, ""diferenca"": 4.1246184727912665e-05, ""risco_relativo"": NaN, ""n1"": 72734, ""n2"": 34180, ""ano_1"": 2015, ""ano_2"": 2017}",14.633649432461905,0.0006642681057710441,"{""graus_liberdade"": 2, ""prevalencias_observadas"": [4.1246184727912665e-05, 0.0002161658823725037, 0.0], ""k"": 3, ""n_total"": 167053, ""anos"": [2015, 2016, 2017]}"
euronews,8,3,0.00044516990651431964,0.0,-0.32943096965327845,0.022511702878032124,"{""n"": 33, ""primeiro"": 0.00044516990651431964, ""ultimo"": 0.0, ""delta"": -0.00044516990651431964}",1.9390032435136897,0.05250094320988952,"{""p1"": 0.00010998982594110045, ""p2"": 0.0, ""diferenca"": 0.00010998982594110045, ""risco_relativo"": NaN, ""n1"": 72734, ""n2"": 34180, ""ano_1"": 2015, ""ano_2"": 2017}",10.374627223392384,0.0055869955125733145,"{""graus_liberdade"": 2, ""prevalencias_observadas"": [0.00010998982594110045, 0.0, 0.0], ""k"": 3, ""n_total"": 167053, ""anos"": [2015, 2016, 2017]}"
ombudsman,3,2,0.0,0.0,0.016448792373994225,0.9099564032677956,"{""n"": 33, ""primeiro"": 0.0, ""ultimo"": 0.0, ""delta"": 0.0}",0.0,1.0,"{""p1"": 0.0, ""p2"": 0.0, ""diferenca"": 0.0, ""risco_relativo"": NaN, ""n1"": 72734, ""n2"": 34180, ""ano_1"": 2015, ""ano_2"": 2017}",5.333440198668954,0.06947973863582163,"{""graus_liberdade"": 2, ""prevalencias_observadas"": [0.0, 4.98844343936547e-05, 0.0], ""k"": 3, ""n_total"": 167053, ""anos"": [2015, 2016, 2017]}"
contas-de-casa,2,1,0.0,0.0,0.015386436372416592,0.9163591402734885,"{""n"": 33, ""primeiro"": 0.0, ""ultimo"": 0.0, ""delta"": 0.0}",0.0,1.0,"{""p1"": 0.0, ""p2"": 0.0, ""diferenca"": 0.0, ""risco_relativo"": NaN, ""n1"": 72734, ""n2"": 34180, ""ano_1"": 2015, ""ano_2"": 2017}",3.5556055144343093,0.1690090936009294,"{""graus_liberdade"": 2, ""prevalencias_observadas"": [0.0, 3.32562895957698e-05, 0.0], ""k"": 3, ""n_total"": 167053, ""anos"": [2015, 2016, 2017]}"
2015,1,1,0.0,0.0,-0.18463723646899907,0.20757844233562417,"{""n"": 33, ""primeiro"": 0.0, ""ultimo"": 0.0, ""delta"": 0.0}",0.6855187282567111,0.4930166466916499,"{""p1"": 1.3748728242637556e-05, ""p2"": 0.0, ""diferenca"": 1.3748728242637556e-05, ""risco_relativo"": NaN, ""n1"": 72734, ""n2"": 34180, ""ano_1"": 2015, ""ano_2"": 2017}",1.2967740617678787,0.5228884999366219,"{""graus_liberdade"": 2, ""prevalencias_observadas"": [1.3748728242637556e-05, 0.0, 0.0], ""k"": 3, ""n_total"": 167053, ""anos"": [2015, 2016, 2017]}"
2016,1,1,0.0,0.0,0.0,1.0,"{""n"": 33, ""primeiro"": 0.0, ""ultimo"": 0.0, ""delta"": 0.0}",0.0,1.0,"{""p1"": 0.0, ""p2"": 0.0, ""diferenca"": 0.0, ""risco_relativo"": NaN, ""n1"": 72734, ""n2"": 34180, ""ano_1"": 2015, ""ano_2"": 2017}",1.7777921150054048,0.41110934341250627,"{""graus_liberdade"": 2, ""prevalencias_observadas"": [0.0, 1.66281447978849e-05, 0.0], ""k"": 3, ""n_total"": 167053, ""anos"": [2015, 2016, 2017]}"
bichos,1,1,0.0,0.0,-0.20002367284141567,0.172167236066597,"{""n"": 33, ""primeiro"": 0.0, ""ultimo"": 0.0, ""delta"": 0.0}",0.6855187282567111,0.4930166466916499,"{""p1"": 1.3748728242637556e-05, ""p2"": 0.0, ""diferenca"": 1.3748728242637556e-05, ""risco_relativo"": NaN, ""n1"": 72734, ""n2"": 34180, ""ano_1"": 2015, ""ano_2"": 2017}",1.2967740617678787,0.5228884999366219,"{""graus_liberdade"": 2, ""prevalencias_observadas"": [1.3748728242637556e-05, 0.0, 0.0], ""k"": 3, ""n_total"": 167053, ""anos"": [2015, 2016, 2017]}"
musica,1,1,0.0,0.0,0.20002367284141567,0.172167236066597,"{""n"": 33, ""primeiro"": 0.0, ""ultimo"": 0.0, ""delta"": 0.0}",-1.4587629953488481,0.14463035082362108,"{""p1"": 0.0, ""p2"": 2.9256875365710943e-05, ""diferenca"": -2.9256875365710943e-05, ""risco_relativo"": 0.0, ""n1"": 72734, ""n2"": 34180, ""ano_1"": 2015, ""ano_2"": 2017}",3.887472071358614,0.14316806835345414,"{""graus_liberdade"": 2, ""prevalencias_observadas"": [0.0, 0.0, 2.9256875365710943e-05], ""k"": 3, ""n_total"": 167053, ""anos"": [2015, 2016, 2017]}"
